Workbook

Sheet README
A1: Jabal Nuhas Underground — engineering calculations (showcase, synthetic data)
A3: Yellow cells with blue text are inputs: change them and every result recalculates.
A4: Black cells are formulas. Green cells pull values from another sheet.
A5: Typical design values are used where no site data exists (each has a note). Replace them with site measurements before using results for design.
A7: Sheets:
A8: Ventilation — airflow demand (diesel fleet + people), airway resistances (Atkinson), circuit pressure, primary fan duty.
A9: Dewatering — inflows, pump capacity, static + friction head (Hazen-Williams), pump power, sump size.
A10: Blasting_Dev — development round (jumbo face): pull, explosive per round, powder factor.
A11: Blasting_Stope — longhole ring design from the TerraMind ring file: charge per ring, tonnes per ring, powder factor.
A12: Development — level and decline metres from the TerraMind layout; development time.
A13: Stopes — stope list exported from TerraMind (design tonnes); totals by level and mine life.
A15: Model: 15 levels (RL 850 to 500), decline 3147 m, 89 stopes, 42 drillholes.

Sheet Ventilation
A1: Ventilation — airflow demand and primary fan duty
A3: Diesel fleet
A4: Equipment | B4: Quantity | C4: kW each | D4: Utilisation | E4: Effective kW
A5: LHD 14 t loader | B5: 3 | C5: 250 | D5: 1 | E5: =B5*C5*D5 -> 750
A6: Haul truck 50 t | B6: 4 | C6: 450 | D6: 1 | E6: =B6*C6*D6 -> 1800
A7: Development jumbo | B7: 2 | C7: 110 | D7: 0.5 | E7: =B7*C7*D7 -> 110
A8: Longhole drill | B8: 2 | C8: 90 | D8: 0.5 | E8: =B8*C8*D8 -> 90
A9: Charge-up / service vehicles | B9: 6 | C9: 110 | D9: 0.6 | E9: =B9*C9*D9 -> 396
A10: Light vehicles | B10: 5 | C10: 100 | D10: 0.4 | E10: =B10*C10*D10 -> 200
A11: Total effective diesel kW | E11: =SUM(E5:E10) -> 3346
A13: Airflow per diesel kW (m³/s per kW) | B13: 0.06
A14: People underground (max shift) | B14: 60
A15: Airflow per person (m³/s) | B15: 0.1
A16: Leakage and recirculation allowance | B16: 0.15
A17: Required airflow Q (m³/s) | B17: =(E11*B13+B14*B15)*(1+B16) -> 237.774
A19: Airways (Atkinson: R = k·L·P / A³, p = R·Q²)
A20: Airway | B20: Length (m) | C20: Width or Ø (m) | D20: Height (m) | E20: Shape (1=drive, 2=raise) | F20: Area (m²) | G20: Perimeter (m) | H20: k (N·s²/m⁴) | I20: R (N·s²/m⁸) | J20: Share of Q | K20: Q (m³/s) | L20: p (Pa) | M20: Velocity (m/s)
A21: Decline (intake share) | B21: 3147 | C21: 5.5 | D21: 5.8 | E21: 1 | F21: =IF(E21=2,PI()*C21^2/4,C21*D21*0.92) -> 29.348 | G21: =IF(E21=2,PI()*C21,2*(C21+D21)*0.95) -> 21.47 | H21: 0.012 | I21: =H21*B21*G21/F21^3 -> 0.032075579 | J21: 0.55 | K21: =J21*$B$17 -> 130.7757 | L21: =I21*K21^2 -> 548.56565 | M21: =K21/F21 -> 4.4560345
A22: Fresh air raise FAR Ø4.0 | B22: 440 | C22: 4 | D22: 0 | E22: 2 | F22: =IF(E22=2,PI()*C22^2/4,C22*D22*0.92) -> 12.566371 | G22: =IF(E22=2,PI()*C22,2*(C22+D22)*0.95) -> 12.566371 | H22: 0.004 | I22: =H22*B22*G22/F22^3 -> 0.01114533 | J22: 0.45 | K22: =J22*$B$17 -> 106.9983 | L22: =I22*K22^2 -> 127.59883 | M22: =K22/F22 -> 8.5146542
A23: Level drive (one active level) | B23: 450 | C23: 4.5 | D23: 4.8 | E23: 1 | F23: =IF(E23=2,PI()*C23^2/4,C23*D23*0.92) -> 19.872 | G23: =IF(E23=2,PI()*C23,2*(C23+D23)*0.95) -> 17.67 | H23: 0.012 | I23: =H23*B23*G23/F23^3 -> 0.012159216 | J23: 0.35 | K23: =J23*$B$17 -> 83.2209 | L23: =I23*K23^2 -> 84.211304 | M23: =K23/F23 -> 4.1878472
A24: Return air raise RAR Ø4.5 | B24: 440 | C24: 4.5 | D24: 0 | E24: 2 | F24: =IF(E24=2,PI()*C24^2/4,C24*D24*0.92) -> 15.904313 | G24: =IF(E24=2,PI()*C24,2*(C24+D24)*0.95) -> 14.137167 | H24: 0.004 | I24: =H24*B24*G24/F24^3 -> 0.0061848665 | J24: 1 | K24: =J24*$B$17 -> 237.774 | L24: =I24*K24^2 -> 349.67055 | M24: =K24/F24 -> 14.950284
A27: Circuit pressure (intakes in parallel → level → return)
A28: Intake branch pressure (max of decline, FAR) | B28: =MAX(L21,L22) -> 548.56565
A29: Level + return pressure | B29: =L23+L24 -> 433.88185
A30: Shock & fittings allowance | B30: 0.15
A31: Fan total pressure (Pa) | B31: =(B28+B29)*(1+B30) -> 1129.8146
A32: Fan efficiency | B32: 0.72
A33: Air power (kW) | B33: =B31*$B$17/1000 -> 268.64054
A34: Fan motor power (kW) | B34: =B33/B32 -> 373.11187
A35: Installed (2 fans in parallel), kW each | B35: =ROUNDUP(B34/2/25,0)*25 -> 200
A37: Velocity checks
A38: Max velocity in drives (m/s) | B38: 6 | C38: Decline: | D38: =IF(M21<=B38,"OK","Too fast") -> OK | E38: Level: | F38: =IF(M23<=B38,"OK","Too fast") -> OK
A39: Max velocity in raises (m/s) | B39: 20 | C39: FAR: | D39: =IF(M22<=B39,"OK","Too fast") -> OK | E39: RAR: | F39: =IF(M24<=B39,"OK","Too fast") -> OK
A40: Min velocity in drives (m/s) | B40: 0.25 | C40: Level: | D40: =IF(M23>=B40,"OK","Too slow") -> OK

Sheet Dewatering
A1: Dewatering — pump station and rising main
A3: Groundwater inflow, upper levels (L/s) | B3: 6
A4: Groundwater inflow, lower levels (L/s) | B4: 9
A5: Drill & dust-suppression water (L/s) | B5: 5
A6: Design factor on inflow | B6: 1.5
A7: Pump station RL (m) | B7: 499
A8: Discharge RL at portal (m) | B8: 936.684
A9: Rising main length (m) | B9: 3147
A10: Pipe internal diameter (m) | B10: 0.19
A11: Hazen-Williams C | B11: 130
A12: Fittings & minor losses (fraction of friction) | B12: 0.1
A13: Pump efficiency | B13: 0.7
A14: Sump retention (minutes) | B14: 30
A16: Design inflow (L/s) | B16: =(B3+B4+B5)*B6 -> 30
A17: Design flow (m³/h) | B17: =B16*3.6 -> 108
A18: Design flow (m³/s) | B18: =B16/1000 -> 0.03
A19: Static head (m) | B19: =B8-B7 -> 437.684
A20: Friction head, Hazen-Williams (m) | B20: =10.67*B9*B18^1.852/(B11^1.852*B10^4.87) -> 20.097248
A21: Total dynamic head (m) | B21: =B19+B20*(1+B12) -> 459.79097
A22: Pipe velocity (m/s) | B22: =B18/(PI()*B10^2/4) -> 1.0580938 | C22: =IF(AND(B22>=0.6,B22<=2.5),"OK","Check pipe size") -> OK
A23: Pump shaft power (kW) | B23: =1000*9.81*B18*B21/(B13*1000) -> 193.30926
A24: Installed (duty + standby), kW each | B24: =ROUNDUP(B23*1.15/5,0)*5 -> 225
A25: Main sump volume (m³) | B25: =B17*B14/60 -> 54
A26: Stages if one pump lifts ≤ 250 m | B26: =ROUNDUP(B21/250,0) -> 2

Sheet Blasting_Dev
A1: Development round — jumbo face (pattern from dev_face_pattern.csv)
A3: Face width (m) | B3: 5
A4: Face height (m) | B4: 5
A5: Arch/profile factor | B5: 0.95
A6: Drilled length (m) | B6: 4
A7: Pull efficiency | B7: 0.9
A8: Charged holes | B8: 44
A9: Reamer holes (uncharged) | B9: 4
A10: Hole diameter (mm) | B10: 45
A11: Stemming / uncharged collar (m) | B11: 0.6
A12: Emulsion density (g/cm³) | B12: 1.15
A13: Rock SG (t/m³) | B13: 2.75
A14: Explosive cost ($/kg) | B14: 2.2
A16: Face area (m²) | B16: =B3*B4*B5 -> 23.75
A17: Advance per round (m) | B17: =B6*B7 -> 3.6
A18: Charge per hole (kg) | B18: =PI()*(B10/2000)^2*(B6-B11)*B12*1000 -> 6.2185863
A19: Explosive per round (kg) | B19: =B18*B8 -> 273.6178
A20: Broken volume per round (m³) | B20: =B16*B17 -> 85.5
A21: Broken tonnes per round (t) | B21: =B20*B13 -> 235.125
A22: Powder factor (kg/m³) | B22: =B19/B20 -> 3.2002082
A23: Powder factor (kg/t) | B23: =B19/B21 -> 1.1637121
A24: Drilling per round (m) | B24: =(B8+B9)*B6 -> 192
A25: Specific drilling (m/m³) | B25: =B24/B20 -> 2.245614
A26: Explosive cost per metre advance ($/m) | B26: =B19*B14/B17 -> 167.21088
A28: Holes by type (from TerraMind)
A29: Type | B29: Holes
A30: back | B30: 9
A31: cut | B31: 8
A32: easer | B32: 12
A33: lifter | B33: 7
A34: reamer | B34: 4
A35: wall | B35: 8
A36: Total | B36: =SUM(B30:B35) -> 48

Sheet Blasting_Stope
A1: Longhole ring design — stope ST_675_08 (from stope_ring_design.csv)
A3: Ring | B3: Hole | C3: Length (m) | D3: Charged length (m) | E3: ANFO (kg) | H3: Inputs
A4: 1 | B4: 1 | C4: 22 | D4: =MAX(0,C4-$I$5) -> 19.5 | E4: =PI()*($I$4/2000)^2*D4*$I$6*1000 -> 103.11538 | H4: Hole diameter (mm) | I4: 89
A5: 1 | B5: 2 | C5: 22.23 | D5: =MAX(0,C5-$I$5) -> 19.73 | E5: =PI()*($I$4/2000)^2*D5*$I$6*1000 -> 104.33161 | H5: Uncharged collar (m) | I5: 2.5
A6: 1 | B6: 3 | C6: 22.78 | D6: =MAX(0,C6-$I$5) -> 20.28 | E6: =PI()*($I$4/2000)^2*D6*$I$6*1000 -> 107.23999 | H6: ANFO density (g/cm³) | I6: 0.85
A7: 1 | B7: 4 | C7: 23.62 | D7: =MAX(0,C7-$I$5) -> 21.12 | E7: =PI()*($I$4/2000)^2*D7*$I$6*1000 -> 111.68188 | H7: Ring burden (m) | I7: 2.5
A8: 1 | B8: 5 | C8: 24.74 | D8: =MAX(0,C8-$I$5) -> 22.24 | E8: =PI()*($I$4/2000)^2*D8*$I$6*1000 -> 117.60441 | H8: Stope width (m) | I8: 10
A9: 1 | B9: 6 | C9: 10.37 | D9: =MAX(0,C9-$I$5) -> 7.87 | E9: =PI()*($I$4/2000)^2*D9*$I$6*1000 -> 41.616308 | H9: Stope height (m) | I9: 20
A10: 1 | B10: 7 | C10: 12.87 | D10: =MAX(0,C10-$I$5) -> 10.37 | E10: =PI()*($I$4/2000)^2*D10*$I$6*1000 -> 54.836228 | H10: Rock SG (t/m³) | I10: 2.75
A11: 2 | B11: 1 | C11: 22.01 | D11: =MAX(0,C11-$I$5) -> 19.51 | E11: =PI()*($I$4/2000)^2*D11*$I$6*1000 -> 103.16826
A12: 2 | B12: 2 | C12: 22.24 | D12: =MAX(0,C12-$I$5) -> 19.74 | E12: =PI()*($I$4/2000)^2*D12*$I$6*1000 -> 104.38449 | H12: Rings in stope | I12: =MAX(A4:A73) -> 10
A13: 2 | B13: 3 | C13: 22.78 | D13: =MAX(0,C13-$I$5) -> 20.28 | E13: =PI()*($I$4/2000)^2*D13*$I$6*1000 -> 107.23999 | H13: Total drilling (m) | I13: =SUM(C4:C73) -> 1380.49
A14: 2 | B14: 4 | C14: 23.61 | D14: =MAX(0,C14-$I$5) -> 21.11 | E14: =PI()*($I$4/2000)^2*D14*$I$6*1000 -> 111.629 | H14: Total ANFO (kg) | I14: =SUM(E4:E73) -> 6374.5926
A15: 2 | B15: 5 | C15: 24.7 | D15: =MAX(0,C15-$I$5) -> 22.2 | E15: =PI()*($I$4/2000)^2*D15*$I$6*1000 -> 117.39289 | H15: Tonnes per ring | I15: =I7*I8*I9*I10 -> 1375
A16: 2 | B16: 6 | C16: 10.35 | D16: =MAX(0,C16-$I$5) -> 7.85 | E16: =PI()*($I$4/2000)^2*D16*$I$6*1000 -> 41.510549 | H16: Tonnes blasted (all rings) | I16: =I15*I12 -> 13750
A17: 2 | B17: 7 | C17: 12.82 | D17: =MAX(0,C17-$I$5) -> 10.32 | E17: =PI()*($I$4/2000)^2*D17*$I$6*1000 -> 54.57183 | H17: Powder factor (kg/t) | I17: =I14/I16 -> 0.46360673
A18: 3 | B18: 1 | C18: 22.01 | D18: =MAX(0,C18-$I$5) -> 19.51 | E18: =PI()*($I$4/2000)^2*D18*$I$6*1000 -> 103.16826 | H18: Drilling yield (t per m) | I18: =I16/I13 -> 9.9602315
A19: 3 | B19: 2 | C19: 22.24 | D19: =MAX(0,C19-$I$5) -> 19.74 | E19: =PI()*($I$4/2000)^2*D19*$I$6*1000 -> 104.38449
A20: 3 | B20: 3 | C20: 22.78 | D20: =MAX(0,C20-$I$5) -> 20.28 | E20: =PI()*($I$4/2000)^2*D20*$I$6*1000 -> 107.23999
A21: 3 | B21: 4 | C21: 23.59 | D21: =MAX(0,C21-$I$5) -> 21.09 | E21: =PI()*($I$4/2000)^2*D21*$I$6*1000 -> 111.52325
A22: 3 | B22: 5 | C22: 24.66 | D22: =MAX(0,C22-$I$5) -> 22.16 | E22: =PI()*($I$4/2000)^2*D22*$I$6*1000 -> 117.18137
A23: 3 | B23: 6 | C23: 10.32 | D23: =MAX(0,C23-$I$5) -> 7.82 | E23: =PI()*($I$4/2000)^2*D23*$I$6*1000 -> 41.35191
A24: 3 | B24: 7 | C24: 12.76 | D24: =MAX(0,C24-$I$5) -> 10.26 | E24: =PI()*($I$4/2000)^2*D24*$I$6*1000 -> 54.254552
A25: 4 | B25: 1 | C25: 22.01 | D25: =MAX(0,C25-$I$5) -> 19.51 | E25: =PI()*($I$4/2000)^2*D25*$I$6*1000 -> 103.16826
A26: 4 | B26: 2 | C26: 22.25 | D26: =MAX(0,C26-$I$5) -> 19.75 | E26: =PI()*($I$4/2000)^2*D26*$I$6*1000 -> 104.43737
A27: 4 | B27: 3 | C27: 22.78 | D27: =MAX(0,C27-$I$5) -> 20.28 | E27: =PI()*($I$4/2000)^2*D27*$I$6*1000 -> 107.23999
A28: 4 | B28: 4 | C28: 23.57 | D28: =MAX(0,C28-$I$5) -> 21.07 | E28: =PI()*($I$4/2000)^2*D28*$I$6*1000 -> 111.41749
A29: 4 | B29: 5 | C29: 24.62 | D29: =MAX(0,C29-$I$5) -> 22.12 | E29: =PI()*($I$4/2000)^2*D29*$I$6*1000 -> 116.96985
A30: 4 | B30: 6 | C30: 10.3 | D30: =MAX(0,C30-$I$5) -> 7.8 | E30: =PI()*($I$4/2000)^2*D30*$I$6*1000 -> 41.246151
... A73: 10 | B73: 7 | C73: 12.36 | D73: =MAX(0,C73-$I$5) -> 9.86 | E73: =PI()*($I$4/2000)^2*D73*$I$6*1000 -> 52.139365

Sheet Development
A1: Development metres (from levels_and_development.csv)
A3: Item | B3: RL | C3: Length (m) | E3: Summary
A4: Decline_CL_1in7_5.5x5.8 | B4: 937 | C4: 3146.9 | E4: Decline (m) | F4: =SUMIF(A4:A34,"Decline*",C4:C34) -> 3146.9
A5: OreDrive_RL850 | B5: 850 | C5: 420 | E5: Ore drives (m) | F5: =SUMIF(A4:A34,"OreDrive*",C4:C34) -> 6300
A6: Crosscut_RL850 | B6: 850 | C6: 89.5 | E6: Crosscuts (m) | F6: =SUMIF(A4:A34,"Crosscut*",C4:C34) -> 1252.8
A7: OreDrive_RL825 | B7: 825 | C7: 420 | E7: Total lateral development (m) | F7: =SUM(F4:F6) -> 10699.7
A8: Crosscut_RL825 | B8: 825 | C8: 88.7
A9: OreDrive_RL800 | B9: 800 | C9: 420 | E9: Jumbos | F9: 2
A10: Crosscut_RL800 | B10: 800 | C10: 87.9 | E10: Advance per jumbo (m/month) | F10: 160
A11: OreDrive_RL775 | B11: 775 | C11: 420 | E11: Development time (months) | F11: =F7/(F9*F10) -> 33.436563
A12: Crosscut_RL775 | B12: 775 | C12: 87.1 | E12: Development cost ($/m) | F12: 4200
A13: OreDrive_RL750 | B13: 750 | C13: 420 | E13: Development capital ($M) | F13: =F7*F12/1000000 -> 44.93874
A14: Crosscut_RL750 | B14: 750 | C14: 86.2
A15: OreDrive_RL725 | B15: 725 | C15: 420
A16: Crosscut_RL725 | B16: 725 | C16: 85.4
A17: OreDrive_RL700 | B17: 700 | C17: 420
A18: Crosscut_RL700 | B18: 700 | C18: 84.5
A19: OreDrive_RL675 | B19: 675 | C19: 420
A20: Crosscut_RL675 | B20: 675 | C20: 83.6
A21: OreDrive_RL650 | B21: 650 | C21: 420
A22: Crosscut_RL650 | B22: 650 | C22: 82.7
A23: OreDrive_RL625 | B23: 625 | C23: 420
A24: Crosscut_RL625 | B24: 625 | C24: 81.8
A25: OreDrive_RL600 | B25: 600 | C25: 420
... A34: Crosscut_RL500 | B34: 500 | C34: 77.2

Sheet Stopes
A1: Stope inventory (design tonnes from TerraMind; grade comes from Geology → Stope reserves)
A3: Stope | B3: Top RL | C3: Base RL | D3: Strike from | E3: Strike to | F3: Volume (m³) | G3: Tonnes | I3: Base RL | J3: Stopes | K3: Tonnes
A4: ST_825_05 | B4: 850 | C4: 825 | D4: -94 | E4: -69 | F4: 5186 | G4: =F4*Production!$B$3 -> 14261.5 | I4: 825 | J4: =COUNTIF($C$4:$C$92,I4) -> 6 | K4: =SUMIF($C$4:$C$92,I4,$G$4:$G$92) -> 108636
A5: ST_825_06 | B5: 850 | C5: 825 | D5: -69 | E5: -44 | F5: 6070 | G5: =F5*Production!$B$3 -> 16692.5 | I5: 800 | J5: =COUNTIF($C$4:$C$92,I5) -> 6 | K5: =SUMIF($C$4:$C$92,I5,$G$4:$G$92) -> 110913
A6: ST_825_07 | B6: 850 | C6: 825 | D6: -38 | E6: -13 | F6: 6923 | G6: =F6*Production!$B$3 -> 19038.25 | I6: 775 | J6: =COUNTIF($C$4:$C$92,I6) -> 8 | K6: =SUMIF($C$4:$C$92,I6,$G$4:$G$92) -> 132687.5
A7: ST_825_08 | B7: 850 | C7: 825 | D7: -13 | E7: 12 | F7: 7200 | G7: =F7*Production!$B$3 -> 19800 | I7: 750 | J7: =COUNTIF($C$4:$C$92,I7) -> 7 | K7: =SUMIF($C$4:$C$92,I7,$G$4:$G$92) -> 108572.75
A8: ST_825_09 | B8: 850 | C8: 825 | D8: 12 | E8: 37 | F8: 7214 | G8: =F8*Production!$B$3 -> 19838.5 | I8: 725 | J8: =COUNTIF($C$4:$C$92,I8) -> 7 | K8: =SUMIF($C$4:$C$92,I8,$G$4:$G$92) -> 104084.75
A9: ST_825_10 | B9: 850 | C9: 825 | D9: 43 | E9: 68 | F9: 6911 | G9: =F9*Production!$B$3 -> 19005.25 | I9: 700 | J9: =COUNTIF($C$4:$C$92,I9) -> 6 | K9: =SUMIF($C$4:$C$92,I9,$G$4:$G$92) -> 79926
A10: ST_800_05 | B10: 825 | C10: 800 | D10: -94 | E10: -69 | F10: 5753 | G10: =F10*Production!$B$3 -> 15820.75 | I10: 675 | J10: =COUNTIF($C$4:$C$92,I10) -> 6 | K10: =SUMIF($C$4:$C$92,I10,$G$4:$G$92) -> 76579.25
A11: ST_800_06 | B11: 825 | C11: 800 | D11: -69 | E11: -44 | F11: 6560 | G11: =F11*Production!$B$3 -> 18040 | I11: 650 | J11: =COUNTIF($C$4:$C$92,I11) -> 6 | K11: =SUMIF($C$4:$C$92,I11,$G$4:$G$92) -> 74384.75
A12: ST_800_07 | B12: 825 | C12: 800 | D12: -38 | E12: -13 | F12: 7150 | G12: =F12*Production!$B$3 -> 19662.5 | I12: 625 | J12: =COUNTIF($C$4:$C$92,I12) -> 6 | K12: =SUMIF($C$4:$C$92,I12,$G$4:$G$92) -> 73422.25
A13: ST_800_08 | B13: 825 | C13: 800 | D13: -13 | E13: 12 | F13: 7205 | G13: =F13*Production!$B$3 -> 19813.75 | I13: 600 | J13: =COUNTIF($C$4:$C$92,I13) -> 6 | K13: =SUMIF($C$4:$C$92,I13,$G$4:$G$92) -> 73394.75
A14: ST_800_09 | B14: 825 | C14: 800 | D14: 12 | E14: 37 | F14: 7139 | G14: =F14*Production!$B$3 -> 19632.25 | I14: 575 | J14: =COUNTIF($C$4:$C$92,I14) -> 5 | K14: =SUMIF($C$4:$C$92,I14,$G$4:$G$92) -> 62051
A15: ST_800_10 | B15: 825 | C15: 800 | D15: 43 | E15: 68 | F15: 6525 | G15: =F15*Production!$B$3 -> 17943.75 | I15: 550 | J15: =COUNTIF($C$4:$C$92,I15) -> 7 | K15: =SUMIF($C$4:$C$92,I15,$G$4:$G$92) -> 96219.75
... A17: ST_775_06 | B17: 800 | C17: 775 | D17: -69 | E17: -44 | F17: 6935 | G17: =F17*Production!$B$3 -> 19071.25 | I17: 500 | J17: =COUNTIF($C$4:$C$92,I17) -> 6 | K17: =SUMIF($C$4:$C$92,I17,$G$4:$G$92) -> 97735
A18: ST_775_07 | B18: 800 | C18: 775 | D18: -38 | E18: -13 | F18: 7215 | G18: =F18*Production!$B$3 -> 19841.25
A19: ST_775_08 | B19: 800 | C19: 775 | D19: -13 | E19: 12 | F19: 7197 | G19: =F19*Production!$B$3 -> 19791.75
A20: ST_775_09 | B20: 800 | C20: 775 | D20: 12 | E20: 37 | F20: 6899 | G20: =F20*Production!$B$3 -> 18972.25
A21: ST_775_10 | B21: 800 | C21: 775 | D21: 43 | E21: 68 | F21: 6028 | G21: =F21*Production!$B$3 -> 16577
A22: ST_775_12 | B22: 800 | C22: 775 | D22: 93 | E22: 118 | F22: 4297 | G22: =F22*Production!$B$3 -> 11816.75
A23: ST_775_13 | B23: 800 | C23: 775 | D23: 124 | E23: 149 | F23: 3393 | G23: =F23*Production!$B$3 -> 9330.75
A24: ST_750_06 | B24: 775 | C24: 750 | D24: -69 | E24: -44 | F24: 7155 | G24: =F24*Production!$B$3 -> 19676.25
A25: ST_750_07 | B25: 775 | C25: 750 | D25: -38 | E25: -13 | F25: 7217 | G25: =F25*Production!$B$3 -> 19846.75
A26: ST_750_08 | B26: 775 | C26: 750 | D26: -13 | E26: 12 | F26: 7059 | G26: =F26*Production!$B$3 -> 19412.25
A27: ST_750_09 | B27: 775 | C27: 750 | D27: 12 | E27: 37 | F27: 6507 | G27: =F27*Production!$B$3 -> 17894.25
A28: ST_750_11 | B28: 775 | C28: 750 | D28: 68 | E28: 93 | F28: 4594 | G28: =F28*Production!$B$3 -> 12633.5
A29: ST_750_12 | B29: 775 | C29: 750 | D29: 93 | E29: 118 | F29: 3791 | G29: =F29*Production!$B$3 -> 10425.25
... A92: ST_500_14 | B92: 525 | C92: 500 | D92: 149 | E92: 174 | F92: 7218 | G92: =F92*Production!$B$3 -> 19849.5

Sheet Production
A1: Production summary
A3: Rock SG (t/m³) | B3: 2.75
A4: Planned dilution | B4: 0.1
A5: Ore recovery (mining) | B5: 0.92
A6: Stope design tonnes | B6: =SUM(Stopes!G4:G92) -> 1300895.8
A7: Mined ore tonnes | B7: =B6*(1+B4)*B5 -> 1316506.5
A8: Mill rate (t/year) | B8: 600000
A9: Stoping life (years) | B9: =B7/B8 -> 2.1941775
A10: Development time (months) | B10: =Development!F11 -> 33.436563
A11: Primary fan motor (kW) | B11: =Ventilation!B34 -> 373.11187
A12: Dewatering pump power (kW) | B12: =Dewatering!B23 -> 193.30926
